[
  {
    "name": "Chave (Quase) Universal",
    "type": "item",
    "img": "icons/tools/misc/toolbox.webp",
    "system": {
      "descricao": "Uma chave que abre quase qualquer coisa. Às vezes, ela abre a coisa errada.",
      "categoria": "gambiarra",
      "tipoItem": "reliquia",
      "cargasMax": 1,
      "cargas": 1,
      "usado": false,
      "efeito": "reduzir",
      "corrompido": false,
      "corrupcoes": [],
      "sourceId": ""
    }
  },
  {
    "name": "Escudo de Luz",
    "type": "item",
    "img": "icons/tools/misc/toolbox.webp",
    "system": {
      "descricao": "Uma tela brilhante que te protege por um instante. Ela chama atenção e ilumina o caminho.",
      "categoria": "protecao",
      "tipoItem": "reliquia",
      "cargasMax": 1,
      "cargas": 1,
      "usado": false,
      "efeito": "reduzir",
      "corrompido": false,
      "corrupcoes": [],
      "sourceId": ""
    }
  },
  {
    "name": "Terminal Fantasma",
    "type": "item",
    "img": "icons/tools/misc/toolbox.webp",
    "system": {
      "descricao": "Um terminal que aparece no ar por alguns segundos. Ele não faz milagres, mas registra que você ‘hackeou o Nó’.",
      "categoria": "direcao",
      "tipoItem": "reliquia",
      "cargasMax": 1,
      "cargas": 1,
      "usado": false,
      "efeito": "hackear",
      "corrompido": false,
      "corrupcoes": [],
      "sourceId": ""
    }
  },
  {
    "name": "Pulseira de Modo Alternativo",
    "type": "item",
    "img": "icons/tools/misc/toolbox.webp",
    "system": {
      "descricao": "Ela não te deixa mais forte. Ela só muda ‘por onde’ você tenta — registrando que você trocou o atributo do desafio.",
      "categoria": "direcao",
      "tipoItem": "consumivel",
      "cargasMax": 2,
      "cargas": 2,
      "usado": false,
      "efeito": "trocar",
      "corrompido": false,
      "corrupcoes": [],
      "sourceId": ""
    }
  }
]
