{
  "id": "gambiarra-sys6",
  "title": "GAMBIARRA.SYS6",
  "description": "Sistema narrativo infantil focado em cooperação, criatividade e BUGs.",
  "version": "0.5.1",
  "compatibility": {
    "minimum": "12",
    "verified": "12"
  },
  "packs": [
    {
      "name": "gambiarra-poderes",
      "label": "⚡ Poderes Gambiarra",
      "type": "Item",
      "path": "packs/gambiarra-poderes",
      "system": "gambiarra-sys6",
      "ownership": { "PLAYER": "OBSERVER", "ASSISTANT": "OWNER" }
    }
  ],
  "relationships": {
    "recommends": [
      {
        "id": "dice-so-nice",
        "type": "module"
      }
    ]
  },
  "authors": [
    {
      "name": "André 'AdamBravo79' Nascimento"
    }
  ],
  "esmodules": ["scripts/init.js"],
  "styles": ["styles/gambiarra.css"],
  "languages": [
    {
      "lang": "pt-BR",
      "name": "Português (Brasil)",
      "path": "lang/pt-BR.json"
    }
  ],
  "documentTypes": {
    "Actor": {
      "character": {},
      "npc": {}
    },
    "Item": {
      "item": {},
      "poder": {}
    }
  },
  "manifest": "https://raw.githubusercontent.com/adambravo79/gambiarra-sys6/main/system/system.json",
  "download": "https://github.com/adambravo79/gambiarra-sys6/releases/download/v0.5.1/gambiarra-sys6-system-0.5.1.zip"
}
