{
  "id": "gambiarra-sys6",
  "title": "GAMBIARRA.SYS6",
  "description": "Sistema narrativo infantil focado em cooperação, criatividade e BUGs.",
  "version": "0.4.0",
  "minimumCoreVersion": "12",
  "authors": [
    { "name": "André 'AdamBravo79' Nascimento" }
  ],
  "esmodules": [
    "scripts/init.js",
    "scripts/actor.js",
    "scripts/rolls.js",
    "scripts/actor-sheet.js",
    "scripts/itens.js",
    "scripts/item-sheet.js"
  ],
  "styles": ["styles/gambiarra.css"],
  "languages": [
    {
      "lang": "pt-BR",
      "name": "Português (Brasil)",
      "path": "lang/pt-BR.json"
    }
  ],
  "actorTypes": {
    "character": { "label": "Personagem" }
  },
  "itemTypes": {
    "item": { "label": "Item do Nó" },
    "poder": { "label": "Poder Gambiarra" }
  },
  "compatibility": {
    "minimum": "12",
    "verified": "12"
  }
}
