{
  "Actor": {
    "character": {
      "attributes": {
        "corpo": { "label": "Corpo", "value": 2 },
        "mente": { "label": "Mente", "value": 2 },
        "coracao": { "label": "Coração", "value": 2 }
      },
      "meta": {
        "arquetipo": "",
        "poderes": [],
        "estados": [],
        "bug": {
          "ativo": false,
          "intensidade": "leve",
          "descricao": "",
          "recorrente": false
        },
        "marcas": [],
        "custos": [],
        "corrupcoes": []
      }
    },

    "npc": {
      "description": "",
      "threat": "normal"
    }
  },

  "Item": {
    "item": {
      "tipo": "gambiarra",
      "efeito": "",
      "consumivel": false,
      "reageABug": false,
      "efeitosBug": [],
      "corrompido": false,
      "corrupcoes": []
    },

    "poder": {
      "descricao": "",
      "nivel": 1,
      "efeitosPossiveis": []
    }
  }
}
